architecture,file_size_label,file_size_mb,clients,pool_size,samples_count,min_time_s,mean_time_s,max_time_s,std_time_s,mean_throughput_mb_s,min_throughput_mb_s,max_throughput_mb_s
concurrent,5MB,5.0,1,,5,0.00617,0.007475,0.009361,0.001199,681.8895,534.131,810.3202
p2p,5MB,5.0,1,,5,0.246425,0.354473,0.413018,0.066272,14.5973,12.106,20.2901
pool,5MB,5.0,1,2.0,5,0.005411,0.006267,0.007632,0.000969,812.3949,655.1706,923.9753
pool,5MB,5.0,1,4.0,5,0.005678,0.009437,0.014034,0.003169,580.8832,356.2802,880.5142
pool,5MB,5.0,1,8.0,5,0.008557,0.009485,0.011307,0.001059,531.9279,442.2196,584.3306
sequential,5MB,5.0,1,,5,0.004627,0.007419,0.009656,0.002227,733.3358,517.8342,1080.6371
concurrent,5MB,5.0,2,,10,0.01182,0.024036,0.067511,0.017065,270.9615,74.0616,423.0154
p2p,5MB,5.0,2,,10,0.196671,0.24616,0.292983,0.032261,20.6404,17.0658,25.4231
pool,5MB,5.0,2,2.0,10,0.008137,0.01208,0.016739,0.002607,431.6495,298.7054,614.4846
pool,5MB,5.0,2,4.0,10,0.00897,0.015221,0.026699,0.005202,361.2784,187.2722,557.4074
pool,5MB,5.0,2,8.0,10,0.006925,0.01253,0.018487,0.003342,427.7603,270.4632,722.0217
sequential,5MB,5.0,2,,10,0.005731,0.011387,0.029979,0.007111,546.4182,166.7812,872.4329
concurrent,5MB,5.0,4,,20,0.015431,0.02004,0.027403,0.003489,256.5731,182.4604,324.0231
p2p,5MB,5.0,4,,20,0.168272,0.196537,0.2792,0.026546,25.8219,17.9083,29.7138
pool,5MB,5.0,4,2.0,20,0.007025,0.013559,0.020565,0.004902,422.1953,243.128,711.7134
pool,5MB,5.0,4,4.0,20,0.006453,0.016202,0.0215,0.003072,327.1224,232.5571,774.8214
pool,5MB,5.0,4,8.0,20,0.00479,0.018004,0.026339,0.005442,322.4116,189.8297,1043.9067
sequential,5MB,5.0,4,,20,0.007235,0.018721,0.03729,0.008729,339.0604,134.0835,691.0468
concurrent,5MB,5.0,8,,40,0.027502,0.037225,0.046868,0.005127,136.9538,106.6817,181.8043
p2p,5MB,5.0,8,,40,0.316299,0.365166,0.510971,0.060424,13.9977,9.7853,15.8078
pool,5MB,5.0,8,2.0,40,0.008132,0.025382,0.051148,0.011753,253.4509,97.7553,614.8625
pool,5MB,5.0,8,4.0,40,0.01296,0.024428,0.044185,0.009138,234.6855,113.1606,385.7876
pool,5MB,5.0,8,8.0,40,0.013678,0.034872,0.043762,0.006476,151.0584,114.2541,365.5398
sequential,5MB,5.0,8,,40,0.005738,0.034308,0.06092,0.016625,214.8174,82.0755,871.4445
concurrent,50MB,50.0,1,,5,0.052314,0.070871,0.085499,0.014629,731.5552,584.8008,955.7653
p2p,50MB,50.0,1,,5,0.940083,1.156144,1.290526,0.133167,43.761,38.7439,53.1868
pool,50MB,50.0,1,2.0,5,0.05204,0.06174,0.070169,0.006438,817.2758,712.5613,960.7957
pool,50MB,50.0,1,4.0,5,0.056888,0.066493,0.076284,0.007074,758.8822,655.4489,878.9215
pool,50MB,50.0,1,8.0,5,0.061683,0.068119,0.075723,0.005956,738.4437,660.3014,810.5987
sequential,50MB,50.0,1,,5,0.052097,0.060534,0.067746,0.005954,832.656,738.0488,959.7426
concurrent,50MB,50.0,2,,10,0.07981,0.087149,0.094128,0.00505,575.462,531.1933,626.4903
p2p,50MB,50.0,2,,10,0.865073,1.363812,1.874429,0.365188,39.1838,26.6748,57.7986
pool,50MB,50.0,2,2.0,10,0.065335,0.078443,0.088907,0.007951,643.5477,562.3841,765.2889
pool,50MB,50.0,2,4.0,10,0.073518,0.078963,0.082418,0.00353,634.3763,606.6629,680.1083
pool,50MB,50.0,2,8.0,10,0.068722,0.077378,0.085289,0.006518,650.3478,586.2407,727.5701
sequential,50MB,50.0,2,,10,0.060636,0.099317,0.155463,0.037679,574.5296,321.6206,824.5913
concurrent,50MB,50.0,4,,20,0.108006,0.185315,0.281349,0.054831,293.5325,177.7151,462.9377
p2p,50MB,50.0,4,,20,1.649034,1.785508,1.911067,0.086179,28.0662,26.1634,30.3208
pool,50MB,50.0,4,2.0,20,0.096954,0.208913,0.375896,0.079754,279.3254,133.0154,515.7111
pool,50MB,50.0,4,4.0,20,0.114505,0.17331,0.249008,0.039894,302.8725,200.7968,436.661
pool,50MB,50.0,4,8.0,20,0.13974,0.167738,0.209069,0.020955,302.3932,239.1552,357.8066
sequential,50MB,50.0,4,,20,0.059932,0.206868,0.387339,0.100286,325.3289,129.086,834.2844
concurrent,50MB,50.0,8,,40,0.22477,0.294389,0.327902,0.029196,171.6409,152.4845,222.4492
p2p,50MB,50.0,8,,40,1.665098,1.982947,2.416127,0.304332,25.7736,20.6943,30.0283
pool,50MB,50.0,8,2.0,40,0.069678,0.193019,0.344613,0.086536,331.0257,145.0904,717.5846
pool,50MB,50.0,8,4.0,40,0.133437,0.217803,0.307635,0.070628,256.0382,162.5302,374.7075
pool,50MB,50.0,8,8.0,40,0.17545,0.292272,0.333741,0.03045,173.4652,149.817,284.9815
sequential,50MB,50.0,8,,40,0.05855,0.287567,0.582551,0.14581,255.7298,85.8294,853.9783
concurrent,500MB,500.0,1,,5,0.484059,0.517395,0.559747,0.032233,969.3789,893.2609,1032.9324
p2p,500MB,500.0,1,,5,4.393759,5.539346,6.156388,0.756079,91.7741,81.2165,113.7978
pool,500MB,500.0,1,2.0,5,0.480558,0.511555,0.553559,0.035354,981.0838,903.2458,1040.4565
pool,500MB,500.0,1,4.0,5,0.47187,0.505373,0.540363,0.025015,991.3076,925.3043,1059.6139
pool,500MB,500.0,1,8.0,5,0.480791,0.496366,0.513894,0.013596,1007.9246,972.9642,1039.954
sequential,500MB,500.0,1,,5,0.467694,0.507511,0.592623,0.051049,992.5775,843.7061,1069.0755
concurrent,500MB,500.0,2,,10,1.595553,1.753847,1.982404,0.12632,286.3611,252.219,313.3709
p2p,500MB,500.0,2,,10,6.494583,8.678378,16.538822,4.006391,65.1969,30.2319,76.9872
pool,500MB,500.0,2,2.0,10,1.652018,1.733354,1.816178,0.047692,288.6551,275.3034,302.6601
pool,500MB,500.0,2,4.0,10,1.658742,1.81696,2.070628,0.157283,276.9981,241.4726,301.4333
pool,500MB,500.0,2,8.0,10,1.681183,2.209353,3.767142,0.682778,241.9374,132.7266,297.4097
sequential,500MB,500.0,2,,10,1.357046,2.12903,3.098128,0.745929,263.8068,161.3878,368.4475
concurrent,500MB,500.0,4,,20,1.232849,1.380655,1.554488,0.098634,363.8949,321.6493,405.5646
p2p,500MB,500.0,4,,20,9.429948,10.297532,11.72047,0.761317,48.7928,42.6604,53.0226
pool,500MB,500.0,4,2.0,20,0.72784,1.173213,1.842391,0.402295,478.9807,271.3865,686.9645
pool,500MB,500.0,4,4.0,20,1.172206,1.604741,2.698977,0.549759,339.6473,185.2554,426.5462
pool,500MB,500.0,4,8.0,20,2.326527,2.452638,2.679212,0.09888,204.1657,186.622,214.9126
sequential,500MB,500.0,4,,20,0.492029,1.879133,4.968517,1.139674,385.7943,100.6337,1016.2005
concurrent,500MB,500.0,8,,40,2.728643,3.015937,3.302672,0.2052,166.5255,151.3926,183.2413
p2p,500MB,500.0,8,,40,20.354628,21.744734,24.243659,1.286069,23.0691,20.6239,24.5644
pool,500MB,500.0,8,2.0,40,0.711921,2.663873,6.877684,1.763659,286.752,72.6989,702.3251
pool,500MB,500.0,8,4.0,40,2.257316,3.789452,5.578154,1.262252,148.0635,89.6354,221.5019
pool,500MB,500.0,8,8.0,40,3.805537,4.896466,6.236475,0.775974,104.5953,80.1735,131.3875
sequential,500MB,500.0,8,,40,0.49463,2.846845,7.047273,1.696828,293.6274,70.9494,1010.8572
